{
    "name": "root",
    "gauges": {
        "MoveToGoal.Policy.Entropy.mean": {
            "value": 1.4228633642196655,
            "min": 1.4228633642196655,
            "max": 1.4228633642196655,
            "count": 1
        },
        "MoveToGoal.Policy.Entropy.sum": {
            "value": 71939.96875,
            "min": 71939.96875,
            "max": 71939.96875,
            "count": 1
        },
        "MoveToGoal.Environment.EpisodeLength.mean": {
            "value": 145.03313253012047,
            "min": 145.03313253012047,
            "max": 145.03313253012047,
            "count": 1
        },
        "MoveToGoal.Environment.EpisodeLength.sum": {
            "value": 48151.0,
            "min": 48151.0,
            "max": 48151.0,
            "count": 1
        },
        "MoveToGoal.Step.mean": {
            "value": 49955.0,
            "min": 49955.0,
            "max": 49955.0,
            "count": 1
        },
        "MoveToGoal.Step.sum": {
            "value": 49955.0,
            "min": 49955.0,
            "max": 49955.0,
            "count": 1
        },
        "MoveToGoal.Policy.ExtrinsicValueEstimate.mean": {
            "value": 0.4981710612773895,
            "min": 0.4981710612773895,
            "max": 0.4981710612773895,
            "count": 1
        },
        "MoveToGoal.Policy.ExtrinsicValueEstimate.sum": {
            "value": 495.1820373535156,
            "min": 495.1820373535156,
            "max": 495.1820373535156,
            "count": 1
        },
        "MoveToGoal.Environment.CumulativeReward.mean": {
            "value": -0.39156626506024095,
            "min": -0.39156626506024095,
            "max": -0.39156626506024095,
            "count": 1
        },
        "MoveToGoal.Environment.CumulativeReward.sum": {
            "value": -130.0,
            "min": -130.0,
            "max": -130.0,
            "count": 1
        },
        "MoveToGoal.Policy.ExtrinsicReward.mean": {
            "value": -0.39156626506024095,
            "min": -0.39156626506024095,
            "max": -0.39156626506024095,
            "count": 1
        },
        "MoveToGoal.Policy.ExtrinsicReward.sum": {
            "value": -130.0,
            "min": -130.0,
            "max": -130.0,
            "count": 1
        },
        "MoveToGoal.Losses.PolicyLoss.mean": {
            "value": 0.02505322794701594,
            "min": 0.02505322794701594,
            "max": 0.02505322794701594,
            "count": 1
        },
        "MoveToGoal.Losses.PolicyLoss.sum": {
            "value": 0.10021291178806375,
            "min": 0.10021291178806375,
            "max": 0.10021291178806375,
            "count": 1
        },
        "MoveToGoal.Losses.ValueLoss.mean": {
            "value": 0.08505243281833827,
            "min": 0.08505243281833827,
            "max": 0.08505243281833827,
            "count": 1
        },
        "MoveToGoal.Losses.ValueLoss.sum": {
            "value": 0.3402097312733531,
            "min": 0.3402097312733531,
            "max": 0.3402097312733531,
            "count": 1
        },
        "MoveToGoal.Policy.LearningRate.mean": {
            "value": 0.0002846073051309,
            "min": 0.0002846073051309,
            "max": 0.0002846073051309,
            "count": 1
        },
        "MoveToGoal.Policy.LearningRate.sum": {
            "value": 0.0011384292205236,
            "min": 0.0011384292205236,
            "max": 0.0011384292205236,
            "count": 1
        },
        "MoveToGoal.Policy.Epsilon.mean": {
            "value": 0.19486909999999996,
            "min": 0.19486909999999996,
            "max": 0.19486909999999996,
            "count": 1
        },
        "MoveToGoal.Policy.Epsilon.sum": {
            "value": 0.7794763999999998,
            "min": 0.7794763999999998,
            "max": 0.7794763999999998,
            "count": 1
        },
        "MoveToGoal.Policy.Beta.mean": {
            "value": 0.00474396809,
            "min": 0.00474396809,
            "max": 0.00474396809,
            "count": 1
        },
        "MoveToGoal.Policy.Beta.sum": {
            "value": 0.01897587236,
            "min": 0.01897587236,
            "max": 0.01897587236,
            "count": 1
        },
        "MoveToGoal.IsTraining.mean": {
            "value": 1.0,
            "min": 1.0,
            "max": 1.0,
            "count": 1
        },
        "MoveToGoal.IsTraining.sum": {
            "value": 1.0,
            "min": 1.0,
            "max": 1.0,
            "count": 1
        }
    },
    "metadata": {
        "timer_format_version": "0.1.0",
        "start_time_seconds": "1703030820",
        "python_version": "3.9.13 (tags/v3.9.13:6de2ca5, May 17 2022, 16:36:42) [MSC v.1929 64 bit (AMD64)]",
        "command_line_arguments": "d:\\GitHub\\Testlerim\\venv\\Scripts\\mlagents-learn --run-id=MoveToGoal4",
        "mlagents_version": "0.30.0",
        "mlagents_envs_version": "0.30.0",
        "communication_protocol_version": "1.5.0",
        "pytorch_version": "2.1.2+cpu",
        "numpy_version": "1.21.2",
        "end_time_seconds": "1703031027"
    },
    "total": 207.0662676,
    "count": 1,
    "self": 0.006702600000011216,
    "children": {
        "run_training.setup": {
            "total": 0.03384779999999976,
            "count": 1,
            "self": 0.03384779999999976
        },
        "TrainerController.start_learning": {
            "total": 207.0257172,
            "count": 1,
            "self": 0.1271219000001622,
            "children": {
                "TrainerController._reset_env": {
                    "total": 8.797293699999999,
                    "count": 1,
                    "self": 8.797293699999999
                },
                "TrainerController.advance": {
                    "total": 197.87125569999984,
                    "count": 4542,
                    "self": 0.12965029999972444,
                    "children": {
                        "env_step": {
                            "total": 178.16837080000008,
                            "count": 4542,
                            "self": 174.12979269999965,
                            "children": {
                                "SubprocessEnvManager._take_step": {
                                    "total": 3.9697531000004176,
                                    "count": 4542,
                                    "self": 0.3554576000000349,
                                    "children": {
                                        "TorchPolicy.evaluate": {
                                            "total": 3.6142955000003827,
                                            "count": 4091,
                                            "self": 3.6142955000003827
                                        }
                                    }
                                },
                                "workers": {
                                    "total": 0.06882499999999503,
                                    "count": 4541,
                                    "self": 0.0,
                                    "children": {
                                        "worker_root": {
                                            "total": 75.52818439999986,
                                            "count": 4541,
                                            "is_parallel": true,
                                            "self": 31.856254599999765,
                                            "children": {
                                                "steps_from_proto": {
                                                    "total": 0.00037880000000001246,
                                                    "count": 1,
                                                    "is_parallel": true,
                                                    "self": 0.00012079999999947688,