{
    "name": "root",
    "gauges": {
        "MoveToGoal.Policy.Entropy.mean": {
            "value": 1.4191988706588745,
            "min": 1.4191988706588745,
            "max": 1.4191988706588745,
            "count": 1
        },
        "MoveToGoal.Policy.Entropy.sum": {
            "value": 71385.703125,
            "min": 71385.703125,
            "max": 71385.703125,
            "count": 1
        },
        "MoveToGoal.Environment.EpisodeLength.mean": {
            "value": 85.05354058721935,
            "min": 85.05354058721935,
            "max": 85.05354058721935,
            "count": 1
        },
        "MoveToGoal.Environment.EpisodeLength.sum": {
            "value": 49246.0,
            "min": 49246.0,
            "max": 49246.0,
            "count": 1
        },
        "MoveToGoal.Step.mean": {
            "value": 49969.0,
            "min": 49969.0,
            "max": 49969.0,
            "count": 1
        },
        "MoveToGoal.Step.sum": {
            "value": 49969.0,
            "min": 49969.0,
            "max": 49969.0,
            "count": 1
        },
        "MoveToGoal.Policy.ExtrinsicValueEstimate.mean": {
            "value": -0.15796628594398499,
            "min": -0.15796628594398499,
            "max": -0.15796628594398499,
            "count": 1
        },
        "MoveToGoal.Policy.ExtrinsicValueEstimate.sum": {
            "value": -169.33985900878906,
            "min": -169.33985900878906,
            "max": -169.33985900878906,
            "count": 1
        },
        "MoveToGoal.Environment.CumulativeReward.mean": {
            "value": 0.21107266435986158,
            "min": 0.21107266435986158,
            "max": 0.21107266435986158,
            "count": 1
        },
        "MoveToGoal.Environment.CumulativeReward.sum": {
            "value": 122.0,
            "min": 122.0,
            "max": 122.0,
            "count": 1
        },
        "MoveToGoal.Policy.ExtrinsicReward.mean": {
            "value": 0.21107266435986158,
            "min": 0.21107266435986158,
            "max": 0.21107266435986158,
            "count": 1
        },
        "MoveToGoal.Policy.ExtrinsicReward.sum": {
            "value": 122.0,
            "min": 122.0,
            "max": 122.0,
            "count": 1
        },
        "MoveToGoal.Losses.PolicyLoss.mean": {
            "value": 0.023565339188401896,
            "min": 0.023565339188401896,
            "max": 0.023565339188401896,
            "count": 1
        },
        "MoveToGoal.Losses.PolicyLoss.sum": {
            "value": 0.09426135675360758,
            "min": 0.09426135675360758,
            "max": 0.09426135675360758,
            "count": 1
        },
        "MoveToGoal.Losses.ValueLoss.mean": {
            "value": 0.027612793367976944,
            "min": 0.027612793367976944,
            "max": 0.027612793367976944,
            "count": 1
        },
        "MoveToGoal.Losses.ValueLoss.sum": {
            "value": 0.11045117347190778,
            "min": 0.11045117347190778,
            "max": 0.11045117347190778,
            "count": 1
        },
        "MoveToGoal.Policy.LearningRate.mean": {
            "value": 0.0002845815051395,
            "min": 0.0002845815051395,
            "max": 0.0002845815051395,
            "count": 1
        },
        "MoveToGoal.Policy.LearningRate.sum": {
            "value": 0.001138326020558,
            "min": 0.001138326020558,
            "max": 0.001138326020558,
            "count": 1
        },
        "MoveToGoal.Policy.Epsilon.mean": {
            "value": 0.19486050000000002,
            "min": 0.19486050000000002,
            "max": 0.19486050000000002,
            "count": 1
        },
        "MoveToGoal.Policy.Epsilon.sum": {
            "value": 0.7794420000000001,
            "min": 0.7794420000000001,
            "max": 0.7794420000000001,
            "count": 1
        },
        "MoveToGoal.Policy.Beta.mean": {
            "value": 0.00474353895,
            "min": 0.00474353895,
            "max": 0.00474353895,
            "count": 1
        },
        "MoveToGoal.Policy.Beta.sum": {
            "value": 0.0189741558,
            "min": 0.0189741558,
            "max": 0.0189741558,
            "count": 1
        },
        "MoveToGoal.IsTraining.mean": {
            "value": 1.0,
            "min": 1.0,
            "max": 1.0,
            "count": 1
        },
        "MoveToGoal.IsTraining.sum": {
            "value": 1.0,
            "min": 1.0,
            "max": 1.0,
            "count": 1
        }
    },
    "metadata": {
        "timer_format_version": "0.1.0",
        "start_time_seconds": "1703031714",
        "python_version": "3.9.13 (tags/v3.9.13:6de2ca5, May 17 2022, 16:36:42) [MSC v.1929 64 bit (AMD64)]",
        "command_line_arguments": "d:\\GitHub\\Testlerim\\venv\\Scripts\\mlagents-learn --run-id=MoveToTarget1",
        "mlagents_version": "0.30.0",
        "mlagents_envs_version": "0.30.0",
        "communication_protocol_version": "1.5.0",
        "pytorch_version": "2.1.2+cpu",
        "numpy_version": "1.21.2",
        "end_time_seconds": "1703031877"
    },
    "total": 162.6990484,
    "count": 1,
    "self": 0.004937100000006467,
    "children": {
        "run_training.setup": {
            "total": 0.17398420000000003,
            "count": 1,
            "self": 0.17398420000000003
        },
        "TrainerController.start_learning": {
            "total": 162.5201271,
            "count": 1,
            "self": 0.15472209999950337,
            "children": {
                "TrainerController._reset_env": {
                    "total": 8.5695907,
                    "count": 1,
                    "self": 8.5695907
                },
                "TrainerController.advance": {
                    "total": 153.60995910000048,
                    "count": 5642,
                    "self": 0.14096310000169865,
                    "children": {
                        "env_step": {
                            "total": 131.33770059999938,
                            "count": 5642,
                            "self": 127.15144649999971,
                            "children": {
                                "SubprocessEnvManager._take_step": {
                                    "total": 4.099485300000168,
                                    "count": 5642,
                                    "self": 0.37730870000053507,
                                    "children": {
                                        "TorchPolicy.evaluate": {
                                            "total": 3.7221765999996332,
                                            "count": 4237,
                                            "self": 3.7221765999996332
                                        }
                                    }
                                },
                                "workers": {
                                    "total": 0.08676879999950948,
                                    "count": 5641,
                                    "self": 0.0,
                                    "children": {
                                        "worker_root": {
                                            "total": 91.21883449999973,
                                            "count": 5641,
                                            "is_parallel": true,
                                            "self": 35.421446499999014,
                                            "children": {
                                                "steps_from_proto": {
                                                    "total": 0.00037700000000029377,
                                                    "count": 1,
                                                    "is_parallel": true,
                                                    "self": 0.00014339999999890551,